{"train_acc": 0.8805941358024691, "test_acc": 0.8827160493827161}