{"train_acc": 0.9987461419753086, "test_acc": 0.9974922839506173}