{
  "accuracy": [
    0.95908522605896,
    0.9803145527839661,
    0.982968270778656,
    0.9844157099723816,
    0.9857184290885925,
    0.9853807091712952,
    0.9857666492462158,
    0.986635148525238,
    0.9873106479644775,
    0.9873106479644775,
    0.9878413677215576,
    0.9878413677215576,
    0.9880343675613403,
    0.9881308674812317,
    0.987937867641449,
    0.9885168671607971
  ],
  "loss": [
    0.15056529641151428,
    0.0920034646987915,
    0.08140124380588531,
    0.07669082283973694,
    0.07247421890497208,
    0.07427073270082474,
    0.07328590750694275,
    0.06852122396230698,
    0.06687727570533752,
    0.06523096561431885,
    0.06570956856012344,
    0.06385710090398788,
    0.06288006901741028,
    0.06344947218894958,
    0.06080234795808792,
    0.060432035475969315
  ],
  "val_accuracy": [
    0.9780007600784302,
    0.9812813401222229,
    0.9835970401763916,
    0.9847549200057983,
    0.984947919845581,
    0.9855268001556396,
    0.9862987399101257,
    0.9864916801452637,
    0.9872636198997498,
    0.9872636198997498,
    0.9874565601348877,
    0.987070620059967,
    0.9876495599746704,
    0.9874565601348877,
    0.9872636198997498,
    0.987070620059967
  ],
  "val_loss": [
    0.10121291875839233,
    0.07855645567178726,
    0.07920438051223755,
    0.07498370110988617,
    0.06919395923614502,
    0.06929491460323334,
    0.06877943873405457,
    0.06608189642429352,
    0.06643500924110413,
    0.06440683454275131,
    0.06383071839809418,
    0.06661372631788254,
    0.06398401409387589,
    0.06530729681253433,
    0.06445247679948807,
    0.06570397317409515
  ]
}