{
    "Random Forest": 0.9986496913580247,
    "XGBoost": 0.8827160493827161,
    "Logistic Regression": 0.9974922839506173,
    "CNN": 0.96
}
